{
    "total_score": 1501.3634878685998,
    "percent_score": 33.36363306374666
}