{
    "total_score": 684.7542485003526,
    "percent_score": 15.216761077785613
}